Industry,Country,State,URL,traffic-count,traffic-value,domain-rating,State,Country,flesch_kincaid,automated_readability,coleman_liau,flesch_reading_ease,gunning_fog,smog,word_count,sentence_count,long_word_count,reading_time,standard,dale_chall,avg_sentence_length,WORDS,CAPABILITY,LEGAL,BUSINESS_FOCUS,UTILIZATION,INNOVATION,SECURITY,EDUCATION,TECHNOLOGY,DNSMI,num-pages-analyzed
HEALTH,US,MN,https://mayoclinic.org,161000000.0,52000000.0,92.0,MN,US,13.6,15.6,13.35,39.26,10.77,15.1,8851,379,1656,701.3,14.0,6.02,18.5615866388309,186,48,41,25,38,12,17,21,11,False,1
HEALTH,US,ID,https://clevelandclinic.org,117000000.0,48000000.0,91.0,ID,US,13.6,15.6,13.35,39.26,10.77,15.1,8851,379,1656,701.3,14.0,6.02,18.5615866388309,159,40,32,20,21,7,20,16,4,False,1
HEALTH,US,ID,https://healthline.com,96000000.0,25000000.0,92.0,ID,US,12.7,15.7,12.89,47.01,10.3,14.7,10673,443,1817,833.73,13.0,1.88,18.283760683760683,554,166,134,64,60,28,46,88,36,False,1
HEALTH,US,ID,https://medicalnewstoday.com,64000000.0,20000000.0,91.0,ID,US,12.6,14.4,12.82,41.8,10.17,14.3,6451,309,1179,511.4,13.0,6.35,12.918489065606362,12,4,1,4,3,1,1,0,3,False,1
HEALTH,US,ID,https://healthgrades.com,5300000.0,4700000.0,87.0,ID,US,10.4,13.1,12.65,53.0,10.36,13.3,273,15,48,21.64,13.0,7.89,13.095238095238095,364,95,115,77,93,10,32,43,29,False,1
HEALTH,US,NY,https://webmd.com,107000000.0,46000000.0,92.0,NY,US,12.3,15.0,14.04,42.72,10.04,14.6,8369,418,1685,688.64,15.0,6.39,14.108695652173912,265,54,59,54,25,7,27,53,26,False,1
HEALTH,US,NY,https://verywellhealth.com,16000000.0,4600000.0,90.0,NY,US,12.5,14.9,12.36,47.42,11.3,14.5,7238,306,1210,553.01,15.0,6.64,18.089330024813897,329,85,79,75,59,22,31,48,7,False,1
HEALTH,US,NY,https://plannedparenthood.org,13000000.0,4700000.0,85.0,NY,US,14.9,17.0,14.34,30.5,11.51,16.0,8769,370,1869,727.45,15.0,6.59,15.898576512455517,429,195,95,166,85,44,95,111,25,False,1
HEALTH,US,NY,https://medscape.com,7800000.0,3800000.0,90.0,NY,US,13.7,16.0,14.97,33.65,10.5,15.2,8212,399,1783,694.91,15.0,6.56,13.36569579288026,26,42,58,49,24,6,20,17,16,False,1
HEALTH,US,NY,https://babycenter.com,7100000.0,1300000.0,83.0,NY,US,13.8,16.5,14.05,38.76,11.94,15.4,6064,254,1166,492.14,12.0,6.98,16.11548556430446,887,192,206,166,188,18,62,100,46,True,1
HEALTH,IN,NON-US,https://pharmeasy.in,9500000.0,520000.0,76.0,N/A,IN,12.5,15.0,13.58,42.21,10.0,14.5,10677,520,2048,871.37,15.0,6.35,13.130750605326876,197,42,48,30,19,7,25,12,5,False,1
HEALTH,IN,NON-US,https://truemeds.in,5500000.0,304000.0,45.0,N/A,IN,15.5,17.6,12.65,34.19,14.18,16.5,4857,171,935,376.99,16.0,7.56,20.445378151260503,165,36,62,31,21,10,24,9,5,False,1
HEALTH,TR,NON-US,https://memorial.com.tr,33000000.0,873000.0,74.0,N/A,TR,15.4,17.7,12.94,34.6,14.21,16.4,5010,179,965,393.19,18.0,7.67,15.5,65,3,19,5,5,4,8,12,1,False,1
HEALTH,IS,NON-US,https://tuasaude.com,29000000.0,1600000.0,78.0,N/A,IS,12.3,14.0,12.88,42.51,12.22,14.7,1150,57,234,91.14,13.0,8.29,11.775510204081632,24,0,5,5,7,0,0,75,0,N/A,1
HEALTH,DE,NON-US,https://pinterest.de,8400000.0,627000.0,91.0,N/A,DE,7.1,9.2,10.25,67.04,9.1,10.8,886,70,126,67.1,8.0,8.4,9.091836734693878,1,1,63,37,40,7,40,70,8,False,1
HEALTH,DE,NON-US,https://jysk.de,3200000.0,425000.0,51.0,N/A,DE,10.5,11.7,11.26,52.8,9.27,13.1,4747,258,793,355.16,11.0,6.47,13.667621776504298,34,3,6,14,7,1,7,9,0,N/A,1
JOBS AND EDUCATION,US,CA,https://linkedin.com,170000000.0,91000000.0,98.0,CA,US,10.7,12.4,14.49,41.46,10.04,12.9,492,38,111,41.93,11.0,8.06,7.235294117647059,634,146,156,55,205,16,118,76,20,False,1
JOBS AND EDUCATION,US,CA,https://quillbot.com,54000000.0,2800000.0,79.0,CA,US,10.3,12.2,11.54,53.1,8.86,12.7,8740,484,1372,670.08,11.0,6.13,11.632679738562091,16,3,3,4,0,11,0,0,0,False,1
JOBS AND EDUCATION,US,CA,https://ziprecruiter.com,13000000.0,5800000.0,87.0,CA,US,6.2,8.7,10.65,69.18,7.8,9.2,382,36,41,29.64,9.0,8.83,7.30188679245283,0,2,8,80,216,27,52,76,23,False,1
JOBS AND EDUCATION,US,CA,https://desmos.com,10000000.0,4600000.0,79.0,CA,US,11.6,14.0,12.13,49.96,9.96,13.8,12177,575,2013,941.81,14.0,6.02,14.2,152,43,49,19,56,4,15,15,2,False,1
JOBS AND EDUCATION,US,MA,https://sarkariresult.com,64000000.0,1100000.0,72.0,MA,US,13.7,16.2,13.41,38.96,11.97,15.2,3965,167,748,318.85,12.0,7.16,13.518518518518519,57,12,29,7,11,3,6,2,5,False,1
JOBS AND EDUCATION,US,AZ,https://grammarly.com,30000000.0,10000000.0,90.0,AZ,US,11.0,12.6,12.93,45.96,8.99,13.3,2061,123,389,165.04,13.0,7.0,12.860606060606061,149,42,29,16,40,5,27,28,4,False,1
JOBS AND EDUCATION,US,AZ,https://khanacademy.org,20000000.0,5600000.0,90.0,AZ,US,12.0,13.3,12.65,43.53,9.69,13.3,4752,247,781,372.7,13.0,6.39,14.95924764890282,298,103,94,45,50,15,46,86,25,False,1
JOBS AND EDUCATION,US,AZ,https://jagranjosh.com,17000000.0,722000.0,77.0,AZ,US,11.3,12.2,12.0,45.25,9.2,13.5,4350,248,816,336.86,12.0,6.53,12.680232558139535,163,25,38,19,39,6,18,8,2,False,1
JOBS AND EDUCATION,US,AZ,https://cuemath.com,13000000.0,1100000.0,73.0,AZ,US,13.2,14.6,14.04,34.97,11.46,15.0,3334,173,743,274.79,15.0,8.1,12.101083032490974,244,53,81,42,105,15,35,28,15,False,1
JOBS AND EDUCATION,US,AZ,https://vedantu.com,12000000.0,736000.0,73.0,AZ,US,14.0,15.9,12.89,38.25,11.96,14.9,7845,322,1371,615.72,12.0,6.91,16.62473794549266,25,5,11,2,2,1,0,17,0,False,1
JOBS AND EDUCATION,US,AZ,https://quizizz.com,12000000.0,6800000.0,79.0,AZ,US,10.5,13.4,13.29,52.7,9.66,12.1,2018,109,269,160.74,11.0,7.41,16.0078125,327,62,118,42,114,5,34,28,2,False,1
JOBS AND EDUCATION,US,AZ,https://coursera.org,11000000.0,12000000.0,91.0,AZ,US,12.0,14.2,13.63,43.32,9.23,14.6,18355,947,3804,1486.14,15.0,5.88,13.668367346938776,252,52,34,36,85,20,17,36,10,False,1
JOBS AND EDUCATION,US,AZ,https://jooble.org,9800000.0,739000.0,89.0,AZ,US,12.5,14.0,12.59,42.11,10.5,14.2,6564,318,1189,514.08,13.0,6.66,14.177730192719485,0,0,0,0,0,0,2,0,0,False,1
JOBS AND EDUCATION,US,AZ,https://sarkarialert.net,8400000.0,130000.0,44.0,AZ,US,12.1,14.0,17.47,21.56,13.67,0.0,15,2,5,1.48,14.0,12.43,3.4,26,5,14,8,3,2,1,4,7,False,1
JOBS AND EDUCATION,US,AZ,https://unacademy.com,7800000.0,454000.0,72.0,AZ,US,10.7,12.4,13.16,46.88,10.07,13.6,668,42,140,53.87,11.0,8.18,11.266666666666667,7,0,0,0,42,11,24,21,6,False,1
JOBS AND EDUCATION,US,AZ,https://leverageedu.com,7100000.0,455000.0,72.0,AZ,US,16.1,19.5,14.34,32.77,14.21,17.6,5400,181,1155,437.82,18.0,7.1,22.278688524590162,100,18,7,11,16,2,9,6,4,False,1
JOBS AND EDUCATION,US,AZ,https://mathplayground.com,6600000.0,6300000.0,74.0,AZ,US,12.7,14.0,12.36,41.6,11.34,14.0,1917,91,331,149.03,14.0,7.62,13.375,31,5,14,6,8,2,6,0,2,False,1
JOBS AND EDUCATION,US,CO,https://testbook.com,21000000.0,978000.0,72.0,CO,US,11.2,14.1,14.67,45.46,10.99,13.6,708,41,138,59.52,11.0,8.53,10.893939393939394,74,12,13,11,14,2,9,5,2,False,1
JOBS AND EDUCATION,US,CO,https://clever.com,13000000.0,29000000.0,80.0,CO,US,11.8,13.7,13.34,43.93,10.88,13.5,1619,86,282,129.96,14.0,8.15,14.26086956521739,204,29,29,34,47,13,19,25,4,False,1
JOBS AND EDUCATION,US,NJ,https://adp.com,10000000.0,22000000.0,91.0,NJ,US,13.8,16.0,13.47,38.86,11.47,14.7,4453,187,765,354.18,14.0,6.72,17.045801526717558,449,99,114,72,252,35,93,102,29,True,1
JOBS AND EDUCATION,US,"Data protected, not disclosed",https://udemy.com,7700000.0,2200000.0,91.0,"Data protected, not disclosed",US,13.6,15.4,14.45,33.95,10.12,15.4,13097,646,2990,1090.06,14.0,6.51,12.759884281581485,0,0,0,0,0,0,2,0,0,True,1
JOBS AND EDUCATION,US,UT,https://instructure.com,6000000.0,1500000.0,87.0,UT,US,12.1,15.0,18.23,21.56,13.67,0.0,15,2,6,1.53,13.0,13.48,3.0,174,39,41,32,61,19,20,29,31,True,1
JOBS AND EDUCATION,US,DE,https://blooket.com,6000000.0,6600000.0,74.0,DE,US,10.6,12.1,12.58,46.98,8.91,12.9,3830,242,706,306.21,13.0,6.98,8.845804988662131,362,67,106,34,63,11,57,31,3,False,1
JOBS AND EDUCATION,JP,NON-US,https://mynavi.jp,27000000.0,7300000.0,91.0,N/A,JP,13.2,15.3,13.35,40.18,10.98,15.2,9214,409,1828,731.36,11.0,6.54,15.933104631217839,17,10,3,4,3,4,3,2,8,True,1
JOBS AND EDUCATION,JP,NON-US,https://alc.co.jp,5700000.0,1400000.0,77.0,N/A,JP,10.6,11.7,11.37,52.49,10.69,13.0,560,30,89,41.63,11.0,7.52,14.15,39,2,4,1,1,0,1,1,2,False,1
BEAUTY AND FITNESS,US,FL,https://sephora.com,8800000.0,3100000.0,87.0,FL,US,13.5,16.6,16.99,28.84,11.77,16.0,612,36,183,56.29,17.0,9.54,8.80281690140845,222,73,64,30,17,15,34,37,10,N/A,1
BEAUTY AND FITNESS,US,NY,https://glamour.com,3300000.0,518000.0,87.0,NY,US,13.1,16.1,14.1,40.69,10.71,15.3,6347,288,1301,523.87,11.0,6.55,14.784722222222221,423,91,111,100,39,11,30,35,6,True,1
BEAUTY AND FITNESS,US,CA,https://yelp.com,108000000.0,97000000.0,95.0,CA,US,14.2,16.0,14.16,32.43,10.54,15.6,8340,382,1824,689.08,16.0,6.34,16.33984375,293,106,73,65,58,7,31,45,14,N/A,1
BEAUTY AND FITNESS,BR,NON-US,https://eudora.com.br,935000.0,89000.0,63.0,N/A,BR,14.3,16.1,12.71,37.44,11.13,15.3,13102,519,2373,1017.31,13.0,5.84,20.90793650793651,10,8,10,12,15,2,14,28,0,False,1
BEAUTY AND FITNESS,JP,NON-US,https://esthe-ranking.jp,2000000.0,474000.0,81.0,N/A,JP,11.2,12.5,12.53,45.56,11.86,13.2,635,37,115,50.24,12.0,8.94,9.157142857142857,15,3,3,0,0,0,1,0,0,False,1
LAW AND GOVERNMENT,FR,NON-US,https://impots.gouv.fr,7200000.0,4200000.0,90.0,N/A,FR,13.6,15.5,16.01,28.54,11.94,15.5,207,12,56,18.3,16.0,9.45,10.35,6,0,2,0,0,0,0,0,1,False,1
LAW AND GOVERNMENT,ID,NON-US,https://kompas.com,50000000.0,1400000.0,87.0,N/A,ID,14.8,18.6,16.31,30.7,16.63,15.7,188,8,39,16.59,16.0,15.38,14.76923076923077,2,1,2,0,47,23,0,0,8,N/A,1
LAW AND GOVERNMENT,PL,NON-US,https://interia.pl,41000000.0,6600000.0,83.0,N/A,PL,17.3,21.1,19.67,13.38,12.73,16.7,2387,100,566,228.05,17.0,8.9,15.53896103896104,19,37,24,0,36,1,4,8,1,False,1
REAL ESTATE,US,ID,https://trulia.com,5200000.0,1500000.0,87.0,ID,US,11.1,11.7,11.77,45.86,10.48,13.3,860,51,161,66.34,11.0,7.6,10.357142857142858,19,2,1,0,4,0,2,5,0,True,1
REAL ESTATE,US,ID,https://rentcafe.com,2300000.0,2700000.0,90.0,ID,US,6.4,7.9,8.92,74.29,7.81,10.6,320,23,39,22.31,6.0,6.4,10.866666666666667,23,8,2,4,1,2,3,8,11,False,1
REAL ESTATE,US,DC,https://apartments.com,14000000.0,8100000.0,82.0,DC,US,7.6,9.3,10.37,65.62,8.84,10.6,662,47,81,48.86,8.0,7.53,10.555555555555555,264,59,48,45,27,22,23,18,4,True,1
REAL ESTATE,US,DC,https://homes.com,2700000.0,574000.0,81.0,DC,US,14.3,16.5,14.74,32.12,10.14,15.6,11078,502,2398,929.11,15.0,5.91,16.234104046242773,370,84,81,55,34,24,27,25,4,False,1
REAL ESTATE,US,FL,https://realtor.com,13000000.0,3900000.0,91.0,FL,US,14.1,16.4,14.79,32.53,10.06,15.7,12882,594,2858,1082.58,15.0,5.94,16.18362282878412,46,8,7,7,6,0,2,16,1,True,1
REAL ESTATE,US,AZ,https://mamikos.com,7200000.0,491000.0,59.0,AZ,US,10.0,11.2,12.35,48.7,8.79,12.6,774,55,150,61.86,11.0,7.46,10.943661971830986,11,3,11,4,1,0,2,8,0,False,1
REAL ESTATE,US,AZ,https://redfin.com,5800000.0,1700000.0,90.0,AZ,US,10.7,13.6,12.94,52.09,10.94,11.2,267,14,28,21.27,11.0,9.14,8.375,32,9,9,9,1,3,2,5,5,True,1
REAL ESTATE,US,AZ,https://aplaceformom.com,1100000.0,2000000.0,77.0,AZ,US,8.7,10.1,9.68,62.88,9.1,11.4,891,53,111,64.34,9.0,7.31,11.487179487179487,178,42,41,25,13,9,13,10,5,True,1
REAL ESTATE,US,AZ,https://valuecom.com,1000000.0,1200000.0,42.0,AZ,US,12.3,14.8,13.69,42.61,10.69,14.8,3677,183,764,300.01,11.0,6.94,13.285714285714286,14,3,5,3,2,0,4,4,3,False,1
REAL ESTATE,US,CO,https://housing.com,3800000.0,243000.0,77.0,CO,US,10.6,11.6,12.7,47.08,10.31,13.8,407,26,91,32.07,11.0,8.57,11.416666666666666,21,2,19,23,15,9,9,11,4,False,1
REAL ESTATE,US,CO,https://remax.com,1700000.0,306000.0,85.0,CO,US,12.1,14.0,11.73,48.54,12.11,14.2,2240,99,373,168.17,12.0,7.6,16.18705035971223,173,41,46,27,16,8,20,22,11,False,1
REAL ESTATE,US,GA,https://rent.com,1700000.0,661000.0,78.0,GA,US,13.5,15.5,14.5,34.26,10.81,14.8,4216,211,876,353.94,15.0,6.99,12.942424242424243,227,71,57,42,24,6,17,15,7,True,1
REFERENCE,DE,NON-US,https://meinestadt.de,3100000.0,498000.0,80.0,N/A,DE,12.3,14.5,13.17,42.61,10.35,14.9,5520,275,1159,444.87,15.0,6.69,13.62953995157385,6,1,0,2,0,0,1,1,0,False,1
REFERENCE,SE,NON-US,https://hitta.se,3600000.0,563000.0,86.0,N/A,SE,5.2,6.7,8.6,71.92,7.1,8.5,71,9,8,5.35,7.0,10.26,5.142857142857143,12,3,0,8,1,0,2,2,0,False,1
ENTERTAINMENT,US,CA,https://disneyplus.com,27000000.0,20000000.0,87.0,CA,US,10.8,13.4,14.83,41.06,12.01,12.9,239,18,53,20.99,13.0,9.91,7.5625,20,8,15,8,5,1,5,8,4,N/A,1
ENTERTAINMENT,US,CA,https://youtube.com,3300000000.0,510000000.0,99.0,CA,US,10.7,12.2,12.76,46.67,9.6,13.6,823,51,172,65.61,11.0,7.54,13.491803278688524,552,114,47,39,67,23,89,109,14,N/A,1
COMPUTERS AND ELECTRONICS,US,WA,https://microsoft.com,467000000.0,121000000.0,96.0,WA,US,10.7,12.8,12.18,52.19,9.17,12.8,9249,486,1383,712.3,13.0,6.15,13.655375552282768,1630,407,165,276,632,77,309,330,70,False,1
COMPUTERS AND ELECTRONICS,US,CA,https://apple.com,445000000.0,270000000.0,97.0,CA,US,11.2,13.9,12.76,50.87,8.87,13.5,50639,2494,8246,3972.15,14.0,1.74,14.48860398860399,76,13,18,2,22,1,13,41,9,False,1
COMPUTERS AND ELECTRONICS,US,CA,https://adobe.com,125000000.0,64000000.0,96.0,CA,US,9.8,11.5,11.77,54.63,9.26,12.0,2884,174,419,221.91,12.0,7.4,11.060836501901141,15,2,8,1,4,2,1,9,3,True,1
COMPUTERS AND ELECTRONICS,US,CA,https://github.com,68000000.0,25000000.0,96.0,CA,US,9.4,11.8,14.65,44.71,8.61,12.1,203,21,52,17.97,9.0,8.78,5.5675675675675675,279,60,47,45,94,15,45,37,32,True,1
COMPUTERS AND ELECTRONICS,US,CA,https://hp.com,18000000.0,36000000.0,91.0,CA,US,12.6,14.4,14.32,36.59,9.55,13.8,6056,342,1201,508.49,14.0,6.81,12.22,112,56,21,16,16,6,21,31,23,False,1
COMPUTERS AND ELECTRONICS,US,CA,https://icloud.com,18000000.0,9300000.0,90.0,CA,US,10.8,12.3,11.37,51.99,10.2,13.5,2462,128,421,185.4,11.0,7.12,12.053658536585365,4,30,64,22,73,1,28,24,9,False,1
COMPUTERS AND ELECTRONICS,US,CA,https://oracle.com,8400000.0,8400000.0,93.0,CA,US,12.2,13.8,13.0,43.02,10.23,14.4,4274,217,852,338.55,13.0,6.8,12.928143712574851,204,46,49,27,45,5,17,27,9,True,1
COMPUTERS AND ELECTRONICS,US,CA,https://docs.google.com,7000000.0,3100000.0,96.0,CA,US,14.1,15.4,13.75,32.63,11.04,16.1,5001,231,1199,405.24,14.0,6.9,14.925595238095237,3,0,0,0,0,0,0,1,0,False,1
COMPUTERS AND ELECTRONICS,US,CA,https://cloud.google.com,6900000.0,16000000.0,92.0,CA,US,1.8,3.6,5.02,91.48,4.62,6.4,32,6,2,2.23,2.0,6.37,5.333333333333333,37,37,47,39,67,23,89,109,14,False,1
COMPUTERS AND ELECTRONICS,US,CA,https://autodesk.com,6500000.0,11000000.0,90.0,CA,US,10.6,12.8,12.42,52.49,9.24,12.8,7699,412,1178,597.12,13.0,6.36,13.289156626506024,294,85,69,42,94,13,24,48,6,True,1
COMPUTERS AND ELECTRONICS,US,CA,https://webpkgcache.com,5100000.0,1400000.0,73.0,CA,US,12.0,14.4,13.92,43.43,9.96,14.7,6381,331,1368,522.52,12.0,6.56,13.404166666666667,552,114,47,39,67,23,89,109,14,False,1
COMPUTERS AND ELECTRONICS,US,AZ,https://ilovepdf.com,138000000.0,6600000.0,81.0,AZ,US,10.7,12.8,12.18,52.19,9.17,12.8,9249,486,1383,712.3,13.0,6.15,13.655375552282768,130,37,87,22,118,9,13,20,8,False,1
COMPUTERS AND ELECTRONICS,US,AZ,https://iloveimg.com,13000000.0,755000.0,79.0,AZ,US,12.9,13.6,13.4,35.78,9.85,14.6,5056,274,1106,406.34,13.0,6.68,12.662531017369727,3,2,72,27,106,10,12,20,10,False,1
COMPUTERS AND ELECTRONICS,US,AZ,https://freepdfconvert.com,8000000.0,464000.0,73.0,AZ,US,11.8,13.6,13.17,43.83,10.17,14.5,3999,212,847,319.02,14.0,6.87,12.87220447284345,23,5,14,2,3,1,5,1,0,False,1
COMPUTERS AND ELECTRONICS,US,AZ,https://fotor.com,6800000.0,617000.0,81.0,AZ,US,10.3,12.4,11.89,53.21,11.51,12.6,649,36,98,50.2,12.0,8.96,10.883333333333333,111,26,26,13,19,25,3,14,12,False,1
COMPUTERS AND ELECTRONICS,US,AZ,https://bluestacks.com,5100000.0,504000.0,84.0,AZ,US,11.9,13.3,12.53,43.73,10.99,13.9,2409,127,454,189.28,11.0,7.64,10.415966386554622,998,270,274,170,200,48,106,170,54,True,1
COMPUTERS AND ELECTRONICS,US,MA,https://techtarget.com,13000000.0,11000000.0,91.0,MA,US,12.1,14.4,12.07,48.43,10.61,13.8,15350,675,2377,1170.31,11.0,6.2,16.91584699453552,353,74,85,69,169,29,111,69,17,True,2
COMPUTERS AND ELECTRONICS,US,NY,https://cnet.com,24000000.0,24000000.0,92.0,NY,US,12.2,14.3,14.9,37.4,9.05,14.3,9362,555,2107,797.11,15.0,6.56,12.416557161629434,114,45,44,18,60,17,24,32,8,True,1
COMPUTERS AND ELECTRONICS,US,NY,https://stackoverflow.com,15000000.0,3000000.0,92.0,NY,US,9.8,12.0,10.62,59.94,9.79,12.2,4400,223,566,323.49,10.0,7.15,14.270096463022508,459,89,78,90,96,19,54,59,11,False,1
COMPUTERS AND ELECTRONICS,US,NY,https://pcmag.com,9400000.0,9800000.0,91.0,NY,US,11.7,12.9,12.59,44.14,9.41,13.5,8252,444,1464,645.35,13.0,6.29,12.395245170876672,19,10,3,5,0,6,10,24,0,True,1
COMPUTERS AND ELECTRONICS,US,NY,https://ibm.com,9400000.0,8900000.0,92.0,NY,US,6.6,7.7,8.91,68.36,8.21,10.0,537,47,68,39.18,9.0,8.85,7.869565217391305,21,5,2,9,8,43,20,19,4,False,1
FOOD AND DRINK,US,IA,https://allrecipes.com,57000000.0,6200000.0,88.0,IA,US,11.5,13.4,15.59,34.02,10.4,12.7,759,64,181,68.44,12.0,9.66,5.897810218978102,7,2,2,1,0,1,1,5,7,False,1
FOOD AND DRINK,US,IA,https://foodandwine.com,5100000.0,1300000.0,88.0,IA,US,4.5,6.5,7.8,79.06,6.58,8.5,221,24,21,16.09,7.0,8.24,6.588235294117647,7,0,5,1,0,1,1,8,2,False,1
FOOD AND DRINK,US,IA,https://eatingwell.com,4500000.0,928000.0,84.0,IA,US,7.5,9.0,9.62,65.93,8.81,10.5,207,15,25,15.17,9.0,9.28,9.130434782608695,248,85,79,75,59,22,31,48,7,False,1
FOOD AND DRINK,US,AZ,https://loveandlemons.com,14000000.0,1400000.0,79.0,AZ,US,14.9,16.9,14.34,30.6,11.47,15.9,8787,373,1871,728.62,15.0,6.59,15.846017699115045,18,3,4,10,4,3,0,4,1,True,1
FOOD AND DRINK,US,AZ,https://sallysbakingaddiction.com,9600000.0,1100000.0,81.0,AZ,US,10.5,13.7,14.73,47.28,10.22,13.5,497,32,105,42.4,11.0,8.44,10.326530612244898,143,38,34,35,27,11,13,9,18,True,1
FOOD AND DRINK,US,AZ,https://thekitchn.com,9100000.0,1200000.0,86.0,AZ,US,11.8,13.4,13.0,43.83,10.63,14.0,3100,164,599,245.38,11.0,7.26,14.04954954954955,6,2,0,0,0,0,0,0,2,N/A,1
FOOD AND DRINK,US,AZ,https://thepioneerwoman.com,8900000.0,544000.0,81.0,AZ,US,5.6,6.6,8.9,70.9,5.81,7.2,71,8,4,5.23,6.0,8.75,6.454545454545454,441,108,63,70,36,13,30,55,11,False,1
FOOD AND DRINK,US,AZ,https://tastesbetterfromscratch.com,6400000.0,728000.0,75.0,AZ,US,11.7,13.7,13.4,44.24,8.81,14.2,10040,542,2025,809.42,14.0,5.89,12.58736059479554,109,16,15,16,8,7,9,7,15,True,1
FOOD AND DRINK,US,AZ,https://spendwithpennies.com,5800000.0,476000.0,77.0,AZ,US,12.4,14.9,13.75,42.41,11.49,14.5,2600,128,508,212.01,12.0,7.77,13.708333333333334,329,85,79,75,59,22,31,48,7,N/A,1
FOOD AND DRINK,US,AZ,https://swiggy.com,5700000.0,293000.0,81.0,AZ,US,14.9,17.0,14.34,30.5,11.51,16.0,8769,370,1869,727.45,15.0,6.59,15.898576512455517,3,0,0,0,0,1,0,0,0,False,1
FOOD AND DRINK,US,AZ,https://natashaskitchen.com,4300000.0,478000.0,76.0,AZ,US,8.8,14.4,15.15,46.44,13.2,0.0,8,1,2,0.79,14.0,13.9,2.25,74,15,21,17,12,2,6,16,3,True,1
FOOD AND DRINK,US,AZ,https://downshiftology.com,4300000.0,366000.0,75.0,AZ,US,11.4,12.5,12.29,45.05,9.81,13.2,1714,97,302,134.31,11.0,7.57,12.090909090909092,94,25,18,11,18,5,2,11,15,True,1
PETS AND ANIMALS,US,AZ,https://dogster.com,1400000.0,206000.0,77.0,AZ,US,10.9,12.7,11.66,51.58,10.64,13.5,1999,102,333,151.94,11.0,7.44,14.26056338028169,113,40,27,20,19,7,12,26,5,N/A,1
PETS AND ANIMALS,US,AZ,https://dogtime.com,1400000.0,206000.0,79.0,AZ,US,12.7,14.2,12.53,41.6,11.11,14.4,5138,244,947,401.73,13.0,7.1,14.445983379501385,194,42,42,26,26,10,10,33,20,False,1
PETS AND ANIMALS,US,AZ,https://expertoanimal.com,1200000.0,37000.0,74.0,AZ,US,12.7,14.6,12.94,41.5,10.96,14.2,3646,172,651,288.82,13.0,6.97,14.431372549019608,15,3,0,0,1,0,0,22,0,False,1
PETS AND ANIMALS,US,AZ,https://wildlifetrusts.org,737000.0,317000.0,80.0,AZ,US,8.3,9.1,10.08,58.48,9.34,11.3,218,17,35,16.41,9.0,8.47,6.875,213,42,28,24,54,8,19,32,23,False,1
PETS AND ANIMALS,US,AZ,https://bettervet.com,635000.0,201000.0,55.0,AZ,US,10.0,11.9,11.71,54.12,9.52,12.5,3821,223,600,294.59,10.0,7.27,11.786585365853659,167,39,40,25,12,6,13,17,10,False,1
PETS AND ANIMALS,US,AZ,https://cats.com,601000.0,175000.0,68.0,AZ,US,12.2,13.2,12.07,42.82,10.53,14.0,3486,175,630,268.36,12.0,6.98,14.326530612244898,39,3,10,4,5,3,5,4,3,N/A,1
PETS AND ANIMALS,US,AZ,https://litter-robot.com,555000.0,280000.0,72.0,AZ,US,12.6,13.6,13.45,36.39,11.12,14.3,788,44,168,64.12,13.0,8.57,10.945205479452055,18,3,6,1,0,3,3,7,2,True,1
PETS AND ANIMALS,US,AZ,https://lancasterpuppies.com,532000.0,107000.0,51.0,AZ,US,8.9,10.7,11.53,56.76,8.56,11.2,724,50,101,56.23,9.0,7.89,10.82089552238806,79,13,13,11,8,3,6,14,3,False,1
PETS AND ANIMALS,US,AZ,https://aquariumcoop.com,528000.0,66000.0,58.0,AZ,US,11.7,13.2,13.0,44.14,10.0,13.0,1767,95,286,139.57,13.0,7.63,13.587786259541986,22,8,11,6,3,3,3,10,2,False,1
PETS AND ANIMALS,US,AZ,https://trustedhousesitters.com,502000.0,168000.0,74.0,AZ,US,13.8,17.6,16.3,33.44,11.52,15.0,1061,51,222,94.81,18.0,8.36,14.075949367088608,205,37,39,15,81,2,5,17,3,N/A,1
PETS AND ANIMALS,US,FL,https://petmd.com,7400000.0,1800000.0,84.0,FL,US,10.9,12.2,11.08,51.68,10.17,13.1,4027,206,627,299.06,11.0,6.75,12.901273885350319,347,85,70,62,39,19,18,32,16,False,1
PETS AND ANIMALS,US,FL,https://petinsurance.com,636000.0,1900000.0,77.0,FL,US,13.7,15.5,14.21,33.54,10.36,15.3,6783,328,1499,562.48,14.0,6.42,13.793939393939393,640,256,222,90,174,50,78,68,32,True,1
PETS AND ANIMALS,US,FL,https://spotpet.com,459000.0,189000.0,62.0,FL,US,11.6,13.9,13.51,44.54,8.96,14.5,10267,565,2242,840.77,15.0,6.06,11.263498920086393,126,34,43,15,8,2,12,8,2,False,1
PETS AND ANIMALS,US,FL,https://nwf.org,433000.0,201000.0,83.0,FL,US,11.8,13.1,12.53,44.03,10.41,14.0,2974,159,578,233.45,13.0,7.38,12.558333333333334,62,17,21,20,14,6,5,11,4,N/A,1
PETS AND ANIMALS,US,NY,https://thesprucepets.com,3300000.0,537000.0,81.0,NY,US,13.8,15.9,13.47,38.86,12.46,15.0,3089,130,559,245.56,15.0,7.69,18.99390243902439,5,1,3,1,0,2,1,15,2,False,1
PETS AND ANIMALS,US,NY,https://aspca.org,660000.0,2800000.0,88.0,NY,US,5.3,6.2,7.46,76.93,7.71,9.4,226,20,24,15.5,7.0,7.97,8.444444444444445,141,34,19,21,8,5,13,19,9,N/A,1
PETS AND ANIMALS,US,NY,https://adoptapet.com,613000.0,115000.0,81.0,NY,US,12.1,13.8,13.0,43.22,10.72,14.0,2519,129,468,200.21,14.0,7.1,13.10880829015544,63,12,6,3,1,7,4,20,11,N/A,1
PETS AND ANIMALS,US,NY,https://aspcapetinsurance.com,419000.0,1500000.0,75.0,NY,US,5.8,7.5,8.4,75.61,7.11,9.2,1006,80,91,71.13,8.0,7.26,8.416666666666666,190,60,33,20,13,2,20,19,18,N/A,1
PETS AND ANIMALS,US,CA,https://petco.com,2600000.0,1700000.0,81.0,CA,US,10.0,11.8,11.83,54.02,9.52,12.9,3589,209,615,276.42,10.0,7.13,11.717532467532468,56,11,8,5,1,5,1,8,3,N/A,1
PETS AND ANIMALS,US,CA,https://wagwalking.com,2000000.0,464000.0,78.0,CA,US,8.8,11.3,12.17,57.16,7.8,12.1,2166,154,379,173.58,12.0,6.96,10.142857142857142,496,120,134,86,46,28,60,40,18,N/A,1
PETS AND ANIMALS,US,CA,https://sandiegozoo.org,1000000.0,606000.0,81.0,CA,US,12.3,14.2,13.17,42.72,10.27,14.1,5290,264,968,422.81,14.0,6.63,15.08498583569405,65,14,21,8,4,2,7,2,3,N/A,1
PETS AND ANIMALS,US,CA,https://animalia.bio,926000.0,26000.0,67.0,CA,US,13.4,17.0,15.03,39.77,12.15,15.0,2058,90,386,173.65,15.0,7.9,11.406417112299465,63,25,18,13,16,3,3,6,9,True,1
FINANCE,US,AZ,https://livemint.com,19000000.0,2600000.0,89.0,AZ,US,10.6,11.9,12.64,47.18,9.0,13.0,1261,81,242,100.44,13.0,7.23,9.82442748091603,261,67,69,36,52,12,18,22,11,False,1
FINANCE,US,AZ,https://businessinsider.com,14000000.0,6800000.0,92.0,AZ,US,11.6,13.7,12.01,49.86,10.6,13.9,5097,239,855,389.51,12.0,6.88,15.436746987951807,436,100,113,54,92,30,42,57,14,False,1
FINANCE,US,AZ,https://bankbazaar.com,11000000.0,1000000.0,75.0,AZ,US,12.8,15.2,13.52,41.29,10.41,15.1,10291,481,2109,833.19,13.0,6.49,14.845050215208035,211,21,42,31,19,9,33,10,4,False,1
FINANCE,US,AZ,https://hangikredi.com,10000000.0,541000.0,61.0,AZ,US,13.8,16.4,13.76,38.76,12.29,15.0,5291,221,955,427.38,14.0,7.33,16.595015576323988,76,1,13,5,16,3,4,8,6,False,1
FINANCE,US,AZ,https://bseindia.com,5400000.0,900000.0,84.0,AZ,US,10.3,11.8,12.69,47.89,9.82,12.9,922,62,181,74.04,13.0,7.9,9.35,4,3,8,3,10,0,6,5,0,N/A,1
FINANCE,US,AZ,https://paisabazaar.com,5300000.0,371000.0,73.0,AZ,US,9.1,12.6,12.98,56.45,9.17,11.1,934,63,124,77.67,10.0,10.05,9.776699029126213,1,0,1,0,0,0,0,0,0,N/A,1
FINANCE,US,CA,https://wise.com,64000000.0,12000000.0,85.0,CA,US,16.0,41.8,44.45,-4.84,12.81,0.0,17,2,4,3.13,13.0,20.78,1.9285714285714286,425,99,145,40,147,13,36,34,3,False,1
FINANCE,US,CA,https://tradingview.com,50000000.0,18000000.0,91.0,CA,US,13.2,14.8,12.71,40.18,10.28,14.9,15431,685,2917,1202.21,15.0,6.0,14.61157796451914,284,60,63,36,92,18,37,28,4,False,1
FINANCE,US,CA,https://paypal.com,38000000.0,13000000.0,95.0,CA,US,10.7,12.6,11.95,52.19,9.88,13.4,6032,318,1019,462.9,11.0,6.64,14.025462962962964,483,99,72,54,69,4,58,58,13,False,1
FINANCE,US,CA,https://coinmarketcap.com,31000000.0,28000000.0,91.0,CA,US,12.4,14.7,13.52,42.31,9.71,14.2,8434,414,1563,681.03,14.0,6.13,14.43931623931624,51,11,5,9,12,5,4,23,7,True,1
FINANCE,US,CA,https://intuit.com,10000000.0,14000000.0,92.0,CA,US,8.3,10.0,10.44,63.9,8.97,11.1,2034,129,250,149.1,8.0,7.66,11.959302325581396,19,6,2,7,6,1,6,9,6,False,1
FINANCE,US,CA,https://coinbase.com,10000000.0,8800000.0,91.0,CA,US,9.9,10.7,12.23,49.01,10.02,12.2,427,31,79,33.55,11.0,8.28,9.347826086956522,31,2,19,2,1,1,6,11,1,True,1
FINANCE,US,CA,https://schwab.com,9100000.0,5600000.0,86.0,CA,US,8.7,10.4,11.65,57.47,9.51,11.5,812,59,127,63.12,10.0,8.46,9.363636363636363,122,18,21,18,5,4,16,35,14,False,1
FINANCE,US,CA,https://wellsfargo.com,8800000.0,33000000.0,89.0,CA,US,10.5,12.0,12.87,47.28,9.39,13.0,2097,135,400,167.58,11.0,7.32,10.177884615384615,100,24,68,18,26,0,20,32,18,True,1
FINANCE,US,CA,https://experian.com,5400000.0,7000000.0,90.0,CA,US,10.6,11.8,13.5,41.77,7.88,12.9,1210,96,281,101.6,8.0,6.87,10.114754098360656,204,79,63,22,108,8,32,111,1,False,1
FINANCE,US,CA,https://creditkarma.com,5300000.0,10000000.0,84.0,CA,US,11.4,13.3,14.38,39.53,8.34,13.9,5776,389,1389,491.26,14.0,6.53,11.41132075471698,514,168,83,51,69,19,64,45,15,False,1
FINANCE,US,NY,https://forbes.com,59000000.0,67000000.0,94.0,NY,US,12.0,14.4,13.87,43.53,9.44,14.7,9713,506,2072,794.42,15.0,6.16,12.63953488372093,558,162,101,89,111,20,48,79,17,True,1
FINANCE,US,NY,https://investopedia.com,40000000.0,26000000.0,92.0,NY,US,13.1,15.0,12.82,40.48,10.49,15.0,14427,651,2824,1139.62,15.0,6.28,16.0707182320442,10,1,5,3,1,3,1,2,2,False,1
FINANCE,US,NY,https://americanexpress.com,13000000.0,33000000.0,91.0,NY,US,10.7,11.9,12.76,46.88,12.37,13.4,333,21,68,26.43,12.0,9.78,10.121212121212121,58,16,6,3,19,1,11,25,0,True,1
FINANCE,US,NY,https://bloomberg.com,8400000.0,4900000.0,92.0,NY,US,8.1,9.2,9.57,64.3,8.18,10.6,988,64,108,70.69,8.0,6.97,10.06060606060606,5,1,1,0,0,0,0,1,1,True,1
FINANCE,US,VA,https://finance.yahoo.com,52000000.0,44000000.0,92.0,VA,US,6.9,9.3,10.83,67.45,9.82,10.1,49,4,6,3.76,7.0,8.76,6.125,157,20,30,18,18,3,18,22,5,False,1
FINANCE,US,VA,https://capitalone.com,17000000.0,24000000.0,85.0,VA,US,12.4,14.9,13.69,42.41,10.52,14.7,3170,156,642,258.29,15.0,7.03,13.548936170212766,18,9,32,36,23,9,23,53,8,False,1
FINANCE,US,NJ,https://cnbc.com,16000000.0,15000000.0,92.0,NJ,US,13.3,15.0,14.21,34.66,10.45,14.9,3700,189,800,307.15,15.0,7.0,12.45,37,8,6,6,6,4,4,10,4,N/A,1
FINANCE,US,ID,https://bankrate.com,14000000.0,29000000.0,90.0,ID,US,8.4,10.5,10.61,63.59,8.85,11.8,1028,64,149,76.68,11.0,8.0,13.578947368421053,449,105,101,34,175,7,29,132,4,True,1
FINANCE,US,NC,https://bankofamerica.com,14000000.0,28000000.0,88.0,NC,US,8.0,9.8,10.03,64.51,7.93,11.3,7910,522,1068,583.03,8.0,6.24,10.41222366710013,255,48,40,57,28,4,46,61,7,False,1
FINANCE,US,DE,https://chase.com,13000000.0,30000000.0,87.0,DE,US,11.2,12.9,12.93,45.46,9.1,13.7,4962,286,985,397.1,13.0,6.58,12.118932038834952,70,16,10,2,1,0,21,41,1,False,1
FINANCE,US,CO,https://westernunion.com,12000000.0,8199999.999999999,87.0,CO,US,6.7,8.0,9.73,67.96,7.48,9.5,1595,135,167,117.14,8.0,7.15,8.911602209944752,44,8,2,11,2,0,7,8,11,False,1
FINANCE,US,CT,https://nasdaq.com,8400000.0,6700000.0,90.0,CT,US,9.4,11.3,11.95,55.54,9.75,11.2,1269,81,162,98.33,10.0,8.33,10.475409836065573,362,100,145,59,124,10,22,34,13,True,1
FINANCE,US,IL,https://discover.com,7500000.0,33000000.0,87.0,IL,US,12.5,14.6,13.4,42.0,10.13,14.8,9201,445,1867,738.64,15.0,6.27,14.864951768488746,23,7,8,3,1,1,6,6,0,False,1
FINANCE,US,MA,https://fidelity.com,7500000.0,5500000.0,86.0,MA,US,11.3,13.6,13.74,45.15,10.66,14.1,686,39,145,56.16,14.0,7.96,14.680851063829786,62,10,11,7,2,0,15,12,11,False,1
FINANCE,US,PA,https://pnc.com,6100000.0,12000000.0,82.0,PA,US,10.2,12.0,13.04,48.09,9.08,12.8,1188,81,233,96.82,13.0,7.53,9.89344262295082,330,56,72,72,54,8,34,62,30,True,1
FINANCE,US,MN,https://usbank.com,5600000.0,7900000.0,84.0,MN,US,11.3,12.6,12.47,45.15,9.33,13.7,4041,230,786,317.32,13.0,6.74,12.71875,41,3,16,8,0,0,7,15,2,False,1
